{
  "experiment": "02",
  "test_samples": 300,
  "per_class": {
    "open circuit": {
      "precision": 0.9303135888501742,
      "recall": 0.9888888888888889,
      "f1": 0.9587073608617593,
      "tp": 267,
      "fp": 20,
      "fn": 3
    },
    "short circuit": {
      "precision": 0.7568627450980392,
      "recall": 0.965,
      "f1": 0.8483516483516483,
      "tp": 193,
      "fp": 62,
      "fn": 7
    },
    "mouse bite": {
      "precision": 0.86,
      "recall": 1.0,
      "f1": 0.924731182795699,
      "tp": 258,
      "fp": 42,
      "fn": 0
    },
    "spurious copper": {
      "precision": 0.8378378378378378,
      "recall": 0.9880478087649402,
      "f1": 0.9067641681901281,
      "tp": 248,
      "fp": 48,
      "fn": 3
    },
    "missing hole": {
      "precision": 0.8877551020408163,
      "recall": 0.9961832061068703,
      "f1": 0.9388489208633093,
      "tp": 261,
      "fp": 33,
      "fn": 1
    },
    "spur": {
      "precision": 0.9666666666666667,
      "recall": 1.0,
      "f1": 0.983050847457627,
      "tp": 290,
      "fp": 10,
      "fn": 0
    }
  },
  "macro": {
    "precision": 0.873239323415589,
    "recall": 0.9896866506267833,
    "f1": 0.9267423547533619
  }
}
