{
  "experiment": "03",
  "test_samples": 300,
  "per_class": {
    "open circuit": {
      "precision": 0.9626865671641791,
      "recall": 0.9555555555555556,
      "f1": 0.9591078066914499,
      "tp": 258,
      "fp": 10,
      "fn": 12
    },
    "short circuit": {
      "precision": 0.8044444444444444,
      "recall": 0.905,
      "f1": 0.851764705882353,
      "tp": 181,
      "fp": 44,
      "fn": 19
    },
    "mouse bite": {
      "precision": 0.86,
      "recall": 1.0,
      "f1": 0.924731182795699,
      "tp": 258,
      "fp": 42,
      "fn": 0
    },
    "spurious copper": {
      "precision": 0.8485915492957746,
      "recall": 0.9601593625498008,
      "f1": 0.9009345794392524,
      "tp": 241,
      "fp": 43,
      "fn": 10
    },
    "missing hole": {
      "precision": 0.8787878787878788,
      "recall": 0.9961832061068703,
      "f1": 0.9338103756708409,
      "tp": 261,
      "fp": 36,
      "fn": 1
    },
    "spur": {
      "precision": 0.9666666666666667,
      "recall": 1.0,
      "f1": 0.983050847457627,
      "tp": 290,
      "fp": 10,
      "fn": 0
    }
  },
  "macro": {
    "precision": 0.8868628510598239,
    "recall": 0.9694830207020377,
    "f1": 0.925566582989537
  }
}